1;Grandimortal;Paul;23/12/1998
2;Grandalpha;Jean;08/01/1981
3;A3;P3;08/01/1981
4;A4;P4;09/01/1981
5;A5;P5;10/01/1981
6;A6;P6;11/01/1981
7;A7;P7;12/01/1981
8;A8;P8;13/01/1981
9;A9;P9;14/01/1981
10;A10;P10;15/01/1981
11;A11;P11;16/01/1981
12;A12;P12;17/01/1981
13;A13;P13;18/01/1981
14;A14;P14;19/01/1981
15;A15;P15;20/01/1981
16;A16;P16;21/01/1981
17;A17;P17;22/01/1981
18;A18;P18;23/01/1981
19;A19;P19;24/01/1981
20;A20;P20;25/01/1981
21;A21;P21;26/01/1981
22;A22;P22;27/01/1981
23;A23;P23;28/01/1981
24;A24;P24;29/01/1981
25;A25;P25;30/01/1981
26;A26;P26;31/01/1981
27;A27;P27;01/02/1981
28;A28;P28;02/02/1981
29;A29;P29;03/02/1981
30;A30;P30;04/02/1981
31;A31;P31;05/02/1981
32;A32;P32;06/02/1981
33;A33;P33;07/02/1981
34;A34;P34;08/02/1981
35;A35;P35;09/02/1981
36;A36;P36;10/02/1981
37;A37;P37;11/02/1981
38;A38;P38;12/02/1981
39;A39;P39;13/02/1981
40;A40;P40;14/02/1981
41;A41;P41;15/02/1981
42;A42;P42;16/02/1981
43;A43;P43;17/02/1981
44;A44;P44;18/02/1981
45;A45;P45;19/02/1981
46;A46;P46;20/02/1981
47;A47;P47;21/02/1981
48;A48;P48;22/02/1981
49;A49;P49;23/02/1981
50;A50;P50;24/02/1981
51;A51;P51;25/02/1981
52;A52;P52;26/02/1981
53;A53;P53;27/02/1981
54;A54;P54;28/02/1981
55;A55;P55;01/03/1981
56;A56;P56;02/03/1981
57;A57;P57;03/03/1981
58;A58;P58;04/03/1981
59;A59;P59;05/03/1981
60;A60;P60;06/03/1981
61;A61;P61;07/03/1981
62;A62;P62;08/03/1981
63;A63;P63;09/03/1981
64;A64;P64;10/03/1981
65;A65;P65;11/03/1981
66;A66;P66;12/03/1981
67;A67;P67;13/03/1981
68;A68;P68;14/03/1981
69;A69;P69;15/03/1981
70;A70;P70;16/03/1981
71;A71;P71;17/03/1981
72;A72;P72;18/03/1981
73;A73;P73;19/03/1981
74;A74;P74;20/03/1981
75;A75;P75;21/03/1981
76;A76;P76;22/03/1981
77;A77;P77;23/03/1981
78;A78;P78;24/03/1981
79;A79;P79;25/03/1981
80;A80;P80;26/03/1981
81;A81;P81;27/03/1981
82;A82;P82;28/03/1981
83;A83;P83;29/03/1981
84;A84;P84;30/03/1981
85;A85;P85;31/03/1981
86;A86;P86;01/04/1981
87;A87;P87;02/04/1981
88;A88;P88;03/04/1981
89;A89;P89;04/04/1981
90;A90;P90;05/04/1981
91;A91;P91;06/04/1981
92;A92;P92;07/04/1981
93;A93;P93;08/04/1981
94;A94;P94;09/04/1981
95;A95;P95;10/04/1981
96;A96;P96;11/04/1981
97;A97;P97;12/04/1981
98;A98;P98;13/04/1981
99;A99;P99;14/04/1981
100;A100;P100;15/04/1981
101;A101;P101;16/04/1981
102;A102;P102;17/04/1981
103;A103;P103;18/04/1981
104;A104;P104;19/04/1981
105;A105;P105;20/04/1981
106;A106;P106;21/04/1981
107;A107;P107;22/04/1981
108;A108;P108;23/04/1981
109;A109;P109;24/04/1981
110;A110;P110;25/04/1981
111;A111;P111;26/04/1981
112;A112;P112;27/04/1981
113;A113;P113;28/04/1981
114;A114;P114;29/04/1981
115;A115;P115;30/04/1981
116;A116;P116;01/05/1981
117;A117;P117;02/05/1981
118;A118;P118;03/05/1981
119;A119;P119;04/05/1981
120;A120;P120;05/05/1981
121;A121;P121;06/05/1981
122;A122;P122;07/05/1981
123;A123;P123;08/05/1981
124;A124;P124;09/05/1981
125;A125;P125;10/05/1981
126;A126;P126;11/05/1981
127;A127;P127;12/05/1981
128;A128;P128;13/05/1981
129;A129;P129;14/05/1981
130;A130;P130;15/05/1981
131;A131;P131;16/05/1981
132;A132;P132;17/05/1981
133;A133;P133;18/05/1981
134;A134;P134;19/05/1981
135;A135;P135;20/05/1981
136;A136;P136;21/05/1981
137;A137;P137;22/05/1981
138;A138;P138;23/05/1981
139;A139;P139;24/05/1981
140;A140;P140;25/05/1981
141;A141;P141;26/05/1981
142;A142;P142;27/05/1981
143;A143;P143;28/05/1981
144;A144;P144;29/05/1981
145;A145;P145;30/05/1981
146;A146;P146;31/05/1981
147;A147;P147;01/06/1981
148;A148;P148;02/06/1981
149;A149;P149;03/06/1981
150;A150;P150;04/06/1981
151;A151;P151;05/06/1981
152;A152;P152;06/06/1981
153;A153;P153;07/06/1981
154;A154;P154;08/06/1981
155;A155;P155;09/06/1981
156;A156;P156;10/06/1981
157;A157;P157;11/06/1981
158;A158;P158;12/06/1981
159;A159;P159;13/06/1981
160;A160;P160;14/06/1981
161;A161;P161;15/06/1981
162;A162;P162;16/06/1981
163;A163;P163;17/06/1981
164;A164;P164;18/06/1981
165;A165;P165;19/06/1981
166;A166;P166;20/06/1981
167;A167;P167;21/06/1981
168;A168;P168;22/06/1981
169;A169;P169;23/06/1981
170;A170;P170;24/06/1981
171;A171;P171;25/06/1981
172;A172;P172;26/06/1981
173;A173;P173;27/06/1981
174;A174;P174;28/06/1981
175;A175;P175;29/06/1981
176;A176;P176;30/06/1981
177;A177;P177;01/07/1981
178;A178;P178;02/07/1981
179;A179;P179;03/07/1981
180;A180;P180;04/07/1981
181;A181;P181;05/07/1981
182;A182;P182;06/07/1981
183;A183;P183;07/07/1981
184;A184;P184;08/07/1981
185;A185;P185;09/07/1981
186;A186;P186;10/07/1981
187;A187;P187;11/07/1981
188;A188;P188;12/07/1981
189;A189;P189;13/07/1981
190;A190;P190;14/07/1981
191;A191;P191;15/07/1981
192;A192;P192;16/07/1981
193;A193;P193;17/07/1981
194;A194;P194;18/07/1981
195;A195;P195;19/07/1981
196;A196;P196;20/07/1981
197;A197;P197;21/07/1981
198;A198;P198;22/07/1981
199;A199;P199;23/07/1981
200;A200;P200;24/07/1981
201;A201;P201;25/07/1981
202;A202;P202;26/07/1981
203;A203;P203;27/07/1981
204;A204;P204;28/07/1981
205;A205;P205;29/07/1981
206;A206;P206;30/07/1981
207;A207;P207;31/07/1981
208;A208;P208;01/08/1981
209;A209;P209;02/08/1981
210;A210;P210;03/08/1981
211;A211;P211;04/08/1981
212;A212;P212;05/08/1981
213;A213;P213;06/08/1981
214;A214;P214;07/08/1981
215;A215;P215;08/08/1981
216;A216;P216;09/08/1981
217;A217;P217;10/08/1981
218;A218;P218;11/08/1981
219;A219;P219;12/08/1981
220;A220;P220;13/08/1981
221;A221;P221;14/08/1981
222;A222;P222;15/08/1981
223;A223;P223;16/08/1981
224;A224;P224;17/08/1981
225;A225;P225;18/08/1981
226;A226;P226;19/08/1981
227;A227;P227;20/08/1981
228;A228;P228;21/08/1981
229;A229;P229;22/08/1981
230;A230;P230;23/08/1981
231;A231;P231;24/08/1981
232;A232;P232;25/08/1981
233;A233;P233;26/08/1981
234;A234;P234;27/08/1981
235;A235;P235;28/08/1981
236;A236;P236;29/08/1981
237;A237;P237;30/08/1981
238;A238;P238;31/08/1981
239;A239;P239;01/09/1981
240;A240;P240;02/09/1981
241;A241;P241;03/09/1981
242;A242;P242;04/09/1981
243;A243;P243;05/09/1981
244;A244;P244;06/09/1981
245;A245;P245;07/09/1981
246;A246;P246;08/09/1981
247;A247;P247;09/09/1981
248;A248;P248;10/09/1981
249;A249;P249;11/09/1981
250;A250;P250;12/09/1981
251;A251;P251;13/09/1981
252;A252;P252;14/09/1981
253;A253;P253;15/09/1981
254;A254;P254;16/09/1981
255;A255;P255;17/09/1981
256;A256;P256;18/09/1981
257;A257;P257;19/09/1981
258;A258;P258;20/09/1981
259;A259;P259;21/09/1981
260;A260;P260;22/09/1981
261;A261;P261;23/09/1981
262;A262;P262;24/09/1981
263;A263;P263;25/09/1981
264;A264;P264;26/09/1981
265;A265;P265;27/09/1981
266;A266;P266;28/09/1981
267;A267;P267;29/09/1981
268;A268;P268;30/09/1981
269;A269;P269;01/10/1981
270;A270;P270;02/10/1981
271;A271;P271;03/10/1981
272;A272;P272;04/10/1981
273;A273;P273;05/10/1981
274;A274;P274;06/10/1981
275;A275;P275;07/10/1981
276;A276;P276;08/10/1981
277;A277;P277;09/10/1981
278;A278;P278;10/10/1981
279;A279;P279;11/10/1981
280;A280;P280;12/10/1981
281;A281;P281;13/10/1981
282;A282;P282;14/10/1981
283;A283;P283;15/10/1981
284;A284;P284;16/10/1981
285;A285;P285;17/10/1981
286;A286;P286;18/10/1981
287;A287;P287;19/10/1981
288;A288;P288;20/10/1981
289;A289;P289;21/10/1981
290;A290;P290;22/10/1981
291;A291;P291;23/10/1981
292;A292;P292;24/10/1981
293;A293;P293;25/10/1981
294;A294;P294;26/10/1981
295;A295;P295;27/10/1981
296;A296;P296;28/10/1981
297;A297;P297;29/10/1981
298;A298;P298;30/10/1981
299;A299;P299;31/10/1981
300;A300;P300;01/11/1981
301;A301;P301;02/11/1981
302;A302;P302;03/11/1981
303;A303;P303;04/11/1981
304;A304;P304;05/11/1981
305;A305;P305;06/11/1981
306;A306;P306;07/11/1981
307;A307;P307;08/11/1981
308;A308;P308;09/11/1981
309;A309;P309;10/11/1981
310;A310;P310;11/11/1981
311;A311;P311;12/11/1981
312;A312;P312;13/11/1981
313;A313;P313;14/11/1981
314;A314;P314;15/11/1981
315;A315;P315;16/11/1981
316;A316;P316;17/11/1981
317;A317;P317;18/11/1981
318;A318;P318;19/11/1981
319;A319;P319;20/11/1981
320;A320;P320;21/11/1981
321;A321;P321;22/11/1981
322;A322;P322;23/11/1981
323;A323;P323;24/11/1981
324;A324;P324;25/11/1981
325;A325;P325;26/11/1981
326;A326;P326;27/11/1981
327;A327;P327;28/11/1981
328;A328;P328;29/11/1981
329;A329;P329;30/11/1981
330;A330;P330;01/12/1981
331;A331;P331;02/12/1981
332;A332;P332;03/12/1981
333;A333;P333;04/12/1981
334;A334;P334;05/12/1981
335;A335;P335;06/12/1981
336;A336;P336;07/12/1981
337;A337;P337;08/12/1981
338;A338;P338;09/12/1981
339;A339;P339;10/12/1981
340;A340;P340;11/12/1981
341;A341;P341;12/12/1981
342;A342;P342;13/12/1981
343;A343;P343;14/12/1981
344;A344;P344;15/12/1981
345;A345;P345;16/12/1981
346;A346;P346;17/12/1981
347;A347;P347;18/12/1981
348;A348;P348;19/12/1981
349;A349;P349;20/12/1981
350;A350;P350;21/12/1981
351;A351;P351;22/12/1981
352;A352;P352;23/12/1981
353;A353;P353;24/12/1981
354;A354;P354;25/12/1981
355;A355;P355;26/12/1981
356;A356;P356;27/12/1981
357;A357;P357;28/12/1981
358;A358;P358;29/12/1981
359;A359;P359;30/12/1981
360;A360;P360;31/12/1981
361;A361;P361;01/01/1982
362;A362;P362;02/01/1982
363;A363;P363;03/01/1982
364;A364;P364;04/01/1982
365;A365;P365;05/01/1982
366;A366;P366;06/01/1982
367;A367;P367;07/01/1982
368;A368;P368;08/01/1982
369;A369;P369;09/01/1982
370;A370;P370;10/01/1982
371;A371;P371;11/01/1982
372;A372;P372;12/01/1982
373;A373;P373;13/01/1982
374;A374;P374;14/01/1982
375;A375;P375;15/01/1982
376;A376;P376;16/01/1982
377;A377;P377;17/01/1982
378;A378;P378;18/01/1982
379;A379;P379;19/01/1982
380;A380;P380;20/01/1982
381;A381;P381;21/01/1982
382;A382;P382;22/01/1982
383;A383;P383;23/01/1982
384;A384;P384;24/01/1982
385;A385;P385;25/01/1982
386;A386;P386;26/01/1982
387;A387;P387;27/01/1982
388;A388;P388;28/01/1982
389;A389;P389;29/01/1982
390;A390;P390;30/01/1982
391;A391;P391;31/01/1982
392;A392;P392;01/02/1982
393;A393;P393;02/02/1982
394;A394;P394;03/02/1982
395;A395;P395;04/02/1982
396;A396;P396;05/02/1982
397;A397;P397;06/02/1982
398;A398;P398;07/02/1982
399;A399;P399;08/02/1982
400;A400;P400;09/02/1982
401;A401;P401;10/02/1982
402;A402;P402;11/02/1982
403;A403;P403;12/02/1982
404;A404;P404;13/02/1982
405;A405;P405;14/02/1982
406;A406;P406;15/02/1982
407;A407;P407;16/02/1982
408;A408;P408;17/02/1982
409;A409;P409;18/02/1982
410;A410;P410;19/02/1982
411;A411;P411;20/02/1982
412;A412;P412;21/02/1982
413;A413;P413;22/02/1982
414;A414;P414;23/02/1982
415;A415;P415;24/02/1982
416;A416;P416;25/02/1982
417;A417;P417;26/02/1982
418;A418;P418;27/02/1982
419;A419;P419;28/02/1982
420;A420;P420;01/03/1982
421;A421;P421;02/03/1982
422;A422;P422;03/03/1982
423;A423;P423;04/03/1982
424;A424;P424;05/03/1982
425;A425;P425;06/03/1982
426;A426;P426;07/03/1982
427;A427;P427;08/03/1982
428;A428;P428;09/03/1982
429;A429;P429;10/03/1982
430;A430;P430;11/03/1982
431;A431;P431;12/03/1982
432;A432;P432;13/03/1982
433;A433;P433;14/03/1982
434;A434;P434;15/03/1982
435;A435;P435;16/03/1982
436;A436;P436;17/03/1982
437;A437;P437;18/03/1982
438;A438;P438;19/03/1982
439;A439;P439;20/03/1982
440;A440;P440;21/03/1982
441;A441;P441;22/03/1982
442;A442;P442;23/03/1982
443;A443;P443;24/03/1982
444;A444;P444;25/03/1982
445;A445;P445;26/03/1982
446;A446;P446;27/03/1982
447;A447;P447;28/03/1982
448;A448;P448;29/03/1982
449;A449;P449;30/03/1982
450;A450;P450;31/03/1982
451;A451;P451;01/04/1982
452;A452;P452;02/04/1982
453;A453;P453;03/04/1982
454;A454;P454;04/04/1982
455;A455;P455;05/04/1982
456;A456;P456;06/04/1982
457;A457;P457;07/04/1982
458;A458;P458;08/04/1982
459;A459;P459;09/04/1982
460;A460;P460;10/04/1982
461;A461;P461;11/04/1982
462;A462;P462;12/04/1982
463;A463;P463;13/04/1982
464;A464;P464;14/04/1982
465;A465;P465;15/04/1982
466;A466;P466;16/04/1982
467;A467;P467;17/04/1982
468;A468;P468;18/04/1982
469;A469;P469;19/04/1982
470;A470;P470;20/04/1982
471;A471;P471;21/04/1982
472;A472;P472;22/04/1982
473;A473;P473;23/04/1982
474;A474;P474;24/04/1982
475;A475;P475;25/04/1982
476;A476;P476;26/04/1982
477;A477;P477;27/04/1982
478;A478;P478;28/04/1982
479;A479;P479;29/04/1982
480;A480;P480;30/04/1982
481;A481;P481;01/05/1982
482;A482;P482;02/05/1982
483;A483;P483;03/05/1982
484;A484;P484;04/05/1982
485;A485;P485;05/05/1982
486;A486;P486;06/05/1982
487;A487;P487;07/05/1982
488;A488;P488;08/05/1982
489;A489;P489;09/05/1982
490;A490;P490;10/05/1982
491;A491;P491;11/05/1982
492;A492;P492;12/05/1982
493;A493;P493;13/05/1982
494;A494;P494;14/05/1982
495;A495;P495;15/05/1982
496;A496;P496;16/05/1982
497;A497;P497;17/05/1982
498;A498;P498;18/05/1982
499;A499;P499;19/05/1982
500;A500;P500;20/05/1982
501;A501;P501;21/05/1982
502;A502;P502;22/05/1982
503;A503;P503;23/05/1982
504;A504;P504;24/05/1982
505;A505;P505;25/05/1982
506;A506;P506;26/05/1982
507;A507;P507;27/05/1982
508;A508;P508;28/05/1982
509;A509;P509;29/05/1982
510;A510;P510;30/05/1982
511;A511;P511;31/05/1982
512;A512;P512;01/06/1982
513;A513;P513;02/06/1982
514;A514;P514;03/06/1982
515;A515;P515;04/06/1982
516;A516;P516;05/06/1982
517;A517;P517;06/06/1982
518;A518;P518;07/06/1982
519;A519;P519;08/06/1982
520;A520;P520;09/06/1982
521;A521;P521;10/06/1982
522;A522;P522;11/06/1982
523;A523;P523;12/06/1982
524;A524;P524;13/06/1982
525;A525;P525;14/06/1982
526;A526;P526;15/06/1982
527;A527;P527;16/06/1982
528;A528;P528;17/06/1982
529;A529;P529;18/06/1982
530;A530;P530;19/06/1982
531;A531;P531;20/06/1982
532;A532;P532;21/06/1982
533;A533;P533;22/06/1982
534;A534;P534;23/06/1982
535;A535;P535;24/06/1982
536;A536;P536;25/06/1982
537;A537;P537;26/06/1982
538;A538;P538;27/06/1982
539;A539;P539;28/06/1982
540;A540;P540;29/06/1982
541;A541;P541;30/06/1982
542;A542;P542;01/07/1982
543;A543;P543;02/07/1982
544;A544;P544;03/07/1982
545;A545;P545;04/07/1982
546;A546;P546;05/07/1982
547;A547;P547;06/07/1982
548;A548;P548;07/07/1982
549;A549;P549;08/07/1982
550;A550;P550;09/07/1982
551;A551;P551;10/07/1982
552;A552;P552;11/07/1982
553;A553;P553;12/07/1982
554;A554;P554;13/07/1982
555;A555;P555;14/07/1982
556;A556;P556;15/07/1982
557;A557;P557;16/07/1982
558;A558;P558;17/07/1982
559;A559;P559;18/07/1982
560;A560;P560;19/07/1982
561;A561;P561;20/07/1982
562;A562;P562;21/07/1982
563;A563;P563;22/07/1982
564;A564;P564;23/07/1982
565;A565;P565;24/07/1982
566;A566;P566;25/07/1982
567;A567;P567;26/07/1982
568;A568;P568;27/07/1982
569;A569;P569;28/07/1982
570;A570;P570;29/07/1982
571;A571;P571;30/07/1982
572;A572;P572;31/07/1982
573;A573;P573;01/08/1982
574;A574;P574;02/08/1982
575;A575;P575;03/08/1982
576;A576;P576;04/08/1982
577;A577;P577;05/08/1982
578;A578;P578;06/08/1982
579;A579;P579;07/08/1982
580;A580;P580;08/08/1982
581;A581;P581;09/08/1982
582;A582;P582;10/08/1982
583;A583;P583;11/08/1982
584;A584;P584;12/08/1982
585;A585;P585;13/08/1982
586;A586;P586;14/08/1982
587;A587;P587;15/08/1982
588;A588;P588;16/08/1982
589;A589;P589;17/08/1982
590;A590;P590;18/08/1982
591;A591;P591;19/08/1982
592;A592;P592;20/08/1982
593;A593;P593;21/08/1982
594;A594;P594;22/08/1982
595;A595;P595;23/08/1982
596;A596;P596;24/08/1982
597;A597;P597;25/08/1982
598;A598;P598;26/08/1982
599;A599;P599;27/08/1982
600;A600;P600;28/08/1982
601;A601;P601;29/08/1982
602;A602;P602;30/08/1982
603;A603;P603;31/08/1982
604;A604;P604;01/09/1982
605;A605;P605;02/09/1982
606;A606;P606;03/09/1982
607;A607;P607;04/09/1982
608;A608;P608;05/09/1982
609;A609;P609;06/09/1982
610;A610;P610;07/09/1982
611;A611;P611;08/09/1982
612;A612;P612;09/09/1982
613;A613;P613;10/09/1982
614;A614;P614;11/09/1982
615;A615;P615;12/09/1982
616;A616;P616;13/09/1982
617;A617;P617;14/09/1982
618;A618;P618;15/09/1982
619;A619;P619;16/09/1982
620;A620;P620;17/09/1982
621;A621;P621;18/09/1982
622;A622;P622;19/09/1982
623;A623;P623;20/09/1982
624;A624;P624;21/09/1982
625;A625;P625;22/09/1982
626;A626;P626;23/09/1982
627;A627;P627;24/09/1982
628;A628;P628;25/09/1982
629;A629;P629;26/09/1982
630;A630;P630;27/09/1982
631;A631;P631;28/09/1982
632;A632;P632;29/09/1982
633;A633;P633;30/09/1982
634;A634;P634;01/10/1982
635;A635;P635;02/10/1982
636;A636;P636;03/10/1982
637;A637;P637;04/10/1982
638;A638;P638;05/10/1982
639;A639;P639;06/10/1982
640;A640;P640;07/10/1982
641;A641;P641;08/10/1982
642;A642;P642;09/10/1982
643;A643;P643;10/10/1982
644;A644;P644;11/10/1982
645;A645;P645;12/10/1982
646;A646;P646;13/10/1982
647;A647;P647;14/10/1982
648;A648;P648;15/10/1982
649;A649;P649;16/10/1982
650;A650;P650;17/10/1982
651;A651;P651;18/10/1982
652;A652;P652;19/10/1982
653;A653;P653;20/10/1982
654;A654;P654;21/10/1982
655;A655;P655;22/10/1982
656;A656;P656;23/10/1982
657;A657;P657;24/10/1982
658;A658;P658;25/10/1982
659;A659;P659;26/10/1982
660;A660;P660;27/10/1982
661;A661;P661;28/10/1982
662;A662;P662;29/10/1982
663;A663;P663;30/10/1982
664;A664;P664;31/10/1982
665;A665;P665;01/11/1982
666;A666;P666;02/11/1982
667;A667;P667;03/11/1982
668;A668;P668;04/11/1982
669;A669;P669;05/11/1982
670;A670;P670;06/11/1982
671;A671;P671;07/11/1982
672;A672;P672;08/11/1982
673;A673;P673;09/11/1982
674;A674;P674;10/11/1982
675;A675;P675;11/11/1982
676;A676;P676;12/11/1982
677;A677;P677;13/11/1982
678;A678;P678;14/11/1982
679;A679;P679;15/11/1982
680;A680;P680;16/11/1982
681;A681;P681;17/11/1982
682;A682;P682;18/11/1982
683;A683;P683;19/11/1982
684;A684;P684;20/11/1982
685;A685;P685;21/11/1982
686;A686;P686;22/11/1982
687;A687;P687;23/11/1982
688;A688;P688;24/11/1982
689;A689;P689;25/11/1982
690;A690;P690;26/11/1982
691;A691;P691;27/11/1982
692;A692;P692;28/11/1982
693;A693;P693;29/11/1982
694;A694;P694;30/11/1982
695;A695;P695;01/12/1982
696;A696;P696;02/12/1982
697;A697;P697;03/12/1982
698;A698;P698;04/12/1982
699;A699;P699;05/12/1982
700;A700;P700;06/12/1982
701;A701;P701;07/12/1982
702;A702;P702;08/12/1982
703;A703;P703;09/12/1982
704;A704;P704;10/12/1982
705;A705;P705;11/12/1982
706;A706;P706;12/12/1982
707;A707;P707;13/12/1982
708;A708;P708;14/12/1982
709;A709;P709;15/12/1982
710;A710;P710;16/12/1982
711;A711;P711;17/12/1982
712;A712;P712;18/12/1982
713;A713;P713;19/12/1982
714;A714;P714;20/12/1982
715;A715;P715;21/12/1982
716;A716;P716;22/12/1982
717;A717;P717;23/12/1982
718;A718;P718;24/12/1982
719;A719;P719;25/12/1982
720;A720;P720;26/12/1982
721;A721;P721;27/12/1982
722;A722;P722;28/12/1982
723;A723;P723;29/12/1982
724;A724;P724;30/12/1982
725;A725;P725;31/12/1982
726;A726;P726;01/01/1983
727;A727;P727;02/01/1983
728;A728;P728;03/01/1983
729;A729;P729;04/01/1983
730;A730;P730;05/01/1983
731;A731;P731;06/01/1983
732;A732;P732;07/01/1983
733;A733;P733;08/01/1983
734;A734;P734;09/01/1983
735;A735;P735;10/01/1983
736;A736;P736;11/01/1983
737;A737;P737;12/01/1983
738;A738;P738;13/01/1983
739;A739;P739;14/01/1983
740;A740;P740;15/01/1983
741;A741;P741;16/01/1983
742;A742;P742;17/01/1983
743;A743;P743;18/01/1983
744;A744;P744;19/01/1983
745;A745;P745;20/01/1983
746;A746;P746;21/01/1983
747;A747;P747;22/01/1983
748;A748;P748;23/01/1983
749;A749;P749;24/01/1983
750;A750;P750;25/01/1983
751;A751;P751;26/01/1983
752;A752;P752;27/01/1983
753;A753;P753;28/01/1983
754;A754;P754;29/01/1983
755;A755;P755;30/01/1983
756;A756;P756;31/01/1983
757;A757;P757;01/02/1983
758;A758;P758;02/02/1983
759;A759;P759;03/02/1983
760;A760;P760;04/02/1983
761;A761;P761;05/02/1983
762;A762;P762;06/02/1983
763;A763;P763;07/02/1983
764;A764;P764;08/02/1983
765;A765;P765;09/02/1983
766;A766;P766;10/02/1983
767;A767;P767;11/02/1983
768;A768;P768;12/02/1983
769;A769;P769;13/02/1983
770;A770;P770;14/02/1983
771;A771;P771;15/02/1983
772;A772;P772;16/02/1983
773;A773;P773;17/02/1983
774;A774;P774;18/02/1983
775;A775;P775;19/02/1983
776;A776;P776;20/02/1983
777;A777;P777;21/02/1983
778;A778;P778;22/02/1983
779;A779;P779;23/02/1983
780;A780;P780;24/02/1983
781;A781;P781;25/02/1983
782;A782;P782;26/02/1983
783;A783;P783;27/02/1983
784;A784;P784;28/02/1983
785;A785;P785;01/03/1983
786;A786;P786;02/03/1983
787;A787;P787;03/03/1983
788;A788;P788;04/03/1983
789;A789;P789;05/03/1983
790;A790;P790;06/03/1983
791;A791;P791;07/03/1983
792;A792;P792;08/03/1983
793;A793;P793;09/03/1983
794;A794;P794;10/03/1983
795;A795;P795;11/03/1983
796;A796;P796;12/03/1983
797;A797;P797;13/03/1983
798;A798;P798;14/03/1983
799;A799;P799;15/03/1983
800;A800;P800;16/03/1983
801;A801;P801;17/03/1983
802;A802;P802;18/03/1983
803;A803;P803;19/03/1983
804;A804;P804;20/03/1983
805;A805;P805;21/03/1983
806;A806;P806;22/03/1983
807;A807;P807;23/03/1983
808;A808;P808;24/03/1983
809;A809;P809;25/03/1983
810;A810;P810;26/03/1983
811;A811;P811;27/03/1983
812;A812;P812;28/03/1983
813;A813;P813;29/03/1983
814;A814;P814;30/03/1983
815;A815;P815;31/03/1983
816;A816;P816;01/04/1983
817;A817;P817;02/04/1983
818;A818;P818;03/04/1983
819;A819;P819;04/04/1983
820;A820;P820;05/04/1983
821;A821;P821;06/04/1983
822;A822;P822;07/04/1983
823;A823;P823;08/04/1983
824;A824;P824;09/04/1983
825;A825;P825;10/04/1983
826;A826;P826;11/04/1983
827;A827;P827;12/04/1983
828;A828;P828;13/04/1983
829;A829;P829;14/04/1983
830;A830;P830;15/04/1983
831;A831;P831;16/04/1983
832;A832;P832;17/04/1983
833;A833;P833;18/04/1983
834;A834;P834;19/04/1983
835;A835;P835;20/04/1983
836;A836;P836;21/04/1983
837;A837;P837;22/04/1983
838;A838;P838;23/04/1983
839;A839;P839;24/04/1983
840;A840;P840;25/04/1983
841;A841;P841;26/04/1983
842;A842;P842;27/04/1983
843;A843;P843;28/04/1983
844;A844;P844;29/04/1983
845;A845;P845;30/04/1983
846;A846;P846;01/05/1983
847;A847;P847;02/05/1983
848;A848;P848;03/05/1983
849;A849;P849;04/05/1983
850;A850;P850;05/05/1983
851;A851;P851;06/05/1983
852;A852;P852;07/05/1983
853;A853;P853;08/05/1983
854;A854;P854;09/05/1983
855;A855;P855;10/05/1983
856;A856;P856;11/05/1983
857;A857;P857;12/05/1983
858;A858;P858;13/05/1983
859;A859;P859;14/05/1983
860;A860;P860;15/05/1983
861;A861;P861;16/05/1983
862;A862;P862;17/05/1983
863;A863;P863;18/05/1983
864;A864;P864;19/05/1983
865;A865;P865;20/05/1983
866;A866;P866;21/05/1983
867;A867;P867;22/05/1983
868;A868;P868;23/05/1983
869;A869;P869;24/05/1983
870;A870;P870;25/05/1983
871;A871;P871;26/05/1983
872;A872;P872;27/05/1983
873;A873;P873;28/05/1983
874;A874;P874;29/05/1983
875;A875;P875;30/05/1983
876;A876;P876;31/05/1983
877;A877;P877;01/06/1983
878;A878;P878;02/06/1983
879;A879;P879;03/06/1983
880;A880;P880;04/06/1983
881;A881;P881;05/06/1983
882;A882;P882;06/06/1983
883;A883;P883;07/06/1983
884;A884;P884;08/06/1983
885;A885;P885;09/06/1983
886;A886;P886;10/06/1983
887;A887;P887;11/06/1983
888;A888;P888;12/06/1983
889;A889;P889;13/06/1983
890;A890;P890;14/06/1983
891;A891;P891;15/06/1983
892;A892;P892;16/06/1983
893;A893;P893;17/06/1983
894;A894;P894;18/06/1983
895;A895;P895;19/06/1983
896;A896;P896;20/06/1983
897;A897;P897;21/06/1983
898;A898;P898;22/06/1983
899;A899;P899;23/06/1983
900;A900;P900;24/06/1983
901;A901;P901;25/06/1983
902;A902;P902;26/06/1983
903;A903;P903;27/06/1983
904;A904;P904;28/06/1983
905;A905;P905;29/06/1983
906;A906;P906;30/06/1983
907;A907;P907;01/07/1983
908;A908;P908;02/07/1983
909;A909;P909;03/07/1983
910;A910;P910;04/07/1983
911;A911;P911;05/07/1983
912;A912;P912;06/07/1983
913;A913;P913;07/07/1983
914;A914;P914;08/07/1983
915;A915;P915;09/07/1983
916;A916;P916;10/07/1983
917;A917;P917;11/07/1983
918;A918;P918;12/07/1983
919;A919;P919;13/07/1983
920;A920;P920;14/07/1983
921;A921;P921;15/07/1983
922;A922;P922;16/07/1983
923;A923;P923;17/07/1983
924;A924;P924;18/07/1983
925;A925;P925;19/07/1983
926;A926;P926;20/07/1983
927;A927;P927;21/07/1983
928;A928;P928;22/07/1983
929;A929;P929;23/07/1983
930;A930;P930;24/07/1983
931;A931;P931;25/07/1983
932;A932;P932;26/07/1983
933;A933;P933;27/07/1983
934;A934;P934;28/07/1983
935;A935;P935;29/07/1983
936;A936;P936;30/07/1983
937;A937;P937;31/07/1983
938;A938;P938;01/08/1983
939;A939;P939;02/08/1983
940;A940;P940;03/08/1983
941;A941;P941;04/08/1983
942;A942;P942;05/08/1983
943;A943;P943;06/08/1983
944;A944;P944;07/08/1983
945;A945;P945;08/08/1983
946;A946;P946;09/08/1983
947;A947;P947;10/08/1983
948;A948;P948;11/08/1983
949;A949;P949;12/08/1983
950;A950;P950;13/08/1983
951;A951;P951;14/08/1983
952;A952;P952;15/08/1983
953;A953;P953;16/08/1983
954;A954;P954;17/08/1983
955;A955;P955;18/08/1983
956;A956;P956;19/08/1983
957;A957;P957;20/08/1983
958;A958;P958;21/08/1983
959;A959;P959;22/08/1983
960;A960;P960;23/08/1983
961;A961;P961;24/08/1983
962;A962;P962;25/08/1983
963;A963;P963;26/08/1983
964;A964;P964;27/08/1983
965;A965;P965;28/08/1983
966;A966;P966;29/08/1983
967;A967;P967;30/08/1983
968;A968;P968;31/08/1983
969;A969;P969;01/09/1983
970;A970;P970;02/09/1983
971;A971;P971;03/09/1983
972;A972;P972;04/09/1983
973;A973;P973;05/09/1983
974;A974;P974;06/09/1983
975;A975;P975;07/09/1983
976;A976;P976;08/09/1983
977;A977;P977;09/09/1983
978;A978;P978;10/09/1983
979;A979;P979;11/09/1983
980;A980;P980;12/09/1983
981;A981;P981;13/09/1983
982;A982;P982;14/09/1983
983;A983;P983;15/09/1983
984;A984;P984;16/09/1983
985;A985;P985;17/09/1983
986;A986;P986;18/09/1983
987;A987;P987;19/09/1983
988;A988;P988;20/09/1983
989;A989;P989;21/09/1983
990;A990;P990;22/09/1983
991;A991;P991;23/09/1983
992;A992;P992;24/09/1983
993;A993;P993;25/09/1983
994;A994;P994;26/09/1983
995;A995;P995;27/09/1983
996;A996;P996;28/09/1983
997;A997;P997;29/09/1983
998;A998;P998;30/09/1983
999;A999;P999;01/10/1983
1000;A1000;P1000;02/10/1983
1001;A1001;P1001;03/10/1983
1002;A1002;P1002;04/10/1983
1003;A1003;P1003;05/10/1983
1004;A1004;P1004;06/10/1983
1005;A1005;P1005;07/10/1983
1006;A1006;P1006;08/10/1983
1007;A1007;P1007;09/10/1983
1008;A1008;P1008;10/10/1983
1009;A1009;P1009;11/10/1983
1010;A1010;P1010;12/10/1983
1011;A1011;P1011;13/10/1983
1012;A1012;P1012;14/10/1983
1013;A1013;P1013;15/10/1983
1014;A1014;P1014;16/10/1983
1015;A1015;P1015;17/10/1983
1016;A1016;P1016;18/10/1983
1017;A1017;P1017;19/10/1983
1018;A1018;P1018;20/10/1983
1019;A1019;P1019;21/10/1983
1020;A1020;P1020;22/10/1983
1021;A1021;P1021;23/10/1983
1022;A1022;P1022;24/10/1983
1023;A1023;P1023;25/10/1983
1024;A1024;P1024;26/10/1983
1025;A1025;P1025;27/10/1983
1026;A1026;P1026;28/10/1983
1027;A1027;P1027;29/10/1983
1028;A1028;P1028;30/10/1983
1029;A1029;P1029;31/10/1983
1030;A1030;P1030;01/11/1983
1031;A1031;P1031;02/11/1983
1032;A1032;P1032;03/11/1983
1033;A1033;P1033;04/11/1983
1034;A1034;P1034;05/11/1983
1035;A1035;P1035;06/11/1983
1036;A1036;P1036;07/11/1983
1037;A1037;P1037;08/11/1983
1038;A1038;P1038;09/11/1983
1039;A1039;P1039;10/11/1983
1040;A1040;P1040;11/11/1983
1041;A1041;P1041;12/11/1983
1042;A1042;P1042;13/11/1983
1043;A1043;P1043;14/11/1983
1044;A1044;P1044;15/11/1983
1045;A1045;P1045;16/11/1983
1046;A1046;P1046;17/11/1983
1047;A1047;P1047;18/11/1983
1048;A1048;P1048;19/11/1983
1049;A1049;P1049;20/11/1983
1050;A1050;P1050;21/11/1983
1051;A1051;P1051;22/11/1983
1052;A1052;P1052;23/11/1983
1053;A1053;P1053;24/11/1983
1054;A1054;P1054;25/11/1983
1055;A1055;P1055;26/11/1983
1056;A1056;P1056;27/11/1983
1057;A1057;P1057;28/11/1983
1058;A1058;P1058;29/11/1983
1059;A1059;P1059;30/11/1983
1060;A1060;P1060;01/12/1983
1061;A1061;P1061;02/12/1983
1062;A1062;P1062;03/12/1983
1063;A1063;P1063;04/12/1983
1064;A1064;P1064;05/12/1983
1065;A1065;P1065;06/12/1983
1066;A1066;P1066;07/12/1983
1067;A1067;P1067;08/12/1983
1068;A1068;P1068;09/12/1983
1069;A1069;P1069;10/12/1983
1070;A1070;P1070;11/12/1983
1071;A1071;P1071;12/12/1983
1072;A1072;P1072;13/12/1983
1073;A1073;P1073;14/12/1983
1074;A1074;P1074;15/12/1983
1075;A1075;P1075;16/12/1983
1076;A1076;P1076;17/12/1983
1077;A1077;P1077;18/12/1983
1078;A1078;P1078;19/12/1983
1079;A1079;P1079;20/12/1983
1080;A1080;P1080;21/12/1983
1081;A1081;P1081;22/12/1983
1082;A1082;P1082;23/12/1983
1083;A1083;P1083;24/12/1983
1084;A1084;P1084;25/12/1983
1085;A1085;P1085;26/12/1983
1086;A1086;P1086;27/12/1983
1087;A1087;P1087;28/12/1983
1088;A1088;P1088;29/12/1983
1089;A1089;P1089;30/12/1983
1090;A1090;P1090;31/12/1983
1091;A1091;P1091;01/01/1984
1092;A1092;P1092;02/01/1984
1093;A1093;P1093;03/01/1984
1094;A1094;P1094;04/01/1984
1095;A1095;P1095;05/01/1984
1096;A1096;P1096;06/01/1984
1097;A1097;P1097;07/01/1984
1098;A1098;P1098;08/01/1984
1099;A1099;P1099;09/01/1984
1100;A1100;P1100;10/01/1984
1101;A1101;P1101;11/01/1984
1102;A1102;P1102;12/01/1984
1103;A1103;P1103;13/01/1984
1104;A1104;P1104;14/01/1984
1105;A1105;P1105;15/01/1984
1106;A1106;P1106;16/01/1984
1107;A1107;P1107;17/01/1984
1108;A1108;P1108;18/01/1984
1109;A1109;P1109;19/01/1984
1110;A1110;P1110;20/01/1984
1111;A1111;P1111;21/01/1984
1112;A1112;P1112;22/01/1984
1113;A1113;P1113;23/01/1984
1114;A1114;P1114;24/01/1984
1115;A1115;P1115;25/01/1984
1116;A1116;P1116;26/01/1984
1117;A1117;P1117;27/01/1984
1118;A1118;P1118;28/01/1984
1119;A1119;P1119;29/01/1984
1120;A1120;P1120;30/01/1984
1121;A1121;P1121;31/01/1984
1122;A1122;P1122;01/02/1984
1123;A1123;P1123;02/02/1984
1124;A1124;P1124;03/02/1984
1125;A1125;P1125;04/02/1984
1126;A1126;P1126;05/02/1984
1127;A1127;P1127;06/02/1984
1128;A1128;P1128;07/02/1984
1129;A1129;P1129;08/02/1984
1130;A1130;P1130;09/02/1984
1131;A1131;P1131;10/02/1984
1132;A1132;P1132;11/02/1984
1133;A1133;P1133;12/02/1984
1134;A1134;P1134;13/02/1984
1135;A1135;P1135;14/02/1984
1136;A1136;P1136;15/02/1984
1137;A1137;P1137;16/02/1984
1138;A1138;P1138;17/02/1984
1139;A1139;P1139;18/02/1984
1140;A1140;P1140;19/02/1984
1141;A1141;P1141;20/02/1984
1142;A1142;P1142;21/02/1984
1143;A1143;P1143;22/02/1984
1144;A1144;P1144;23/02/1984
1145;A1145;P1145;24/02/1984
1146;A1146;P1146;25/02/1984
1147;A1147;P1147;26/02/1984
1148;A1148;P1148;27/02/1984
1149;A1149;P1149;28/02/1984
1150;A1150;P1150;29/02/1984
1151;A1151;P1151;01/03/1984
1152;A1152;P1152;02/03/1984
1153;A1153;P1153;03/03/1984
1154;A1154;P1154;04/03/1984
1155;A1155;P1155;05/03/1984
1156;A1156;P1156;06/03/1984
1157;A1157;P1157;07/03/1984
1158;A1158;P1158;08/03/1984
1159;A1159;P1159;09/03/1984
1160;A1160;P1160;10/03/1984
1161;A1161;P1161;11/03/1984
1162;A1162;P1162;12/03/1984
1163;A1163;P1163;13/03/1984
1164;A1164;P1164;14/03/1984
1165;A1165;P1165;15/03/1984
1166;A1166;P1166;16/03/1984
1167;A1167;P1167;17/03/1984
1168;A1168;P1168;18/03/1984
1169;A1169;P1169;19/03/1984
1170;A1170;P1170;20/03/1984
1171;A1171;P1171;21/03/1984
1172;A1172;P1172;22/03/1984
1173;A1173;P1173;23/03/1984
1174;A1174;P1174;24/03/1984
1175;A1175;P1175;25/03/1984
1176;A1176;P1176;26/03/1984
1177;A1177;P1177;27/03/1984
1178;A1178;P1178;28/03/1984
1179;A1179;P1179;29/03/1984
1180;A1180;P1180;30/03/1984
1181;A1181;P1181;31/03/1984
1182;A1182;P1182;01/04/1984
1183;A1183;P1183;02/04/1984
1184;A1184;P1184;03/04/1984
1185;A1185;P1185;04/04/1984
1186;A1186;P1186;05/04/1984
1187;A1187;P1187;06/04/1984
1188;A1188;P1188;07/04/1984
1189;A1189;P1189;08/04/1984
1190;A1190;P1190;09/04/1984
1191;A1191;P1191;10/04/1984
1192;A1192;P1192;11/04/1984
1193;A1193;P1193;12/04/1984
1194;A1194;P1194;13/04/1984
1195;A1195;P1195;14/04/1984
1196;A1196;P1196;15/04/1984
1197;A1197;P1197;16/04/1984
1198;A1198;P1198;17/04/1984
1199;A1199;P1199;18/04/1984
1200;A1200;P1200;19/04/1984
1201;A1201;P1201;20/04/1984
1202;A1202;P1202;21/04/1984
1203;A1203;P1203;22/04/1984
1204;A1204;P1204;23/04/1984
1205;A1205;P1205;24/04/1984
1206;A1206;P1206;25/04/1984
1207;A1207;P1207;26/04/1984
1208;A1208;P1208;27/04/1984
1209;A1209;P1209;28/04/1984
1210;A1210;P1210;29/04/1984
1211;A1211;P1211;30/04/1984
1212;A1212;P1212;01/05/1984
1213;A1213;P1213;02/05/1984
1214;A1214;P1214;03/05/1984
1215;A1215;P1215;04/05/1984
1216;A1216;P1216;05/05/1984
1217;A1217;P1217;06/05/1984
1218;A1218;P1218;07/05/1984
1219;A1219;P1219;08/05/1984
1220;A1220;P1220;09/05/1984
1221;A1221;P1221;10/05/1984
1222;A1222;P1222;11/05/1984
1223;A1223;P1223;12/05/1984
1224;A1224;P1224;13/05/1984
1225;A1225;P1225;14/05/1984
1226;A1226;P1226;15/05/1984
1227;A1227;P1227;16/05/1984
1228;A1228;P1228;17/05/1984
1229;A1229;P1229;18/05/1984
1230;A1230;P1230;19/05/1984
1231;A1231;P1231;20/05/1984
1232;A1232;P1232;21/05/1984
1233;A1233;P1233;22/05/1984
1234;A1234;P1234;23/05/1984
1235;A1235;P1235;24/05/1984
1236;A1236;P1236;25/05/1984
1237;A1237;P1237;26/05/1984
1238;A1238;P1238;27/05/1984
1239;A1239;P1239;28/05/1984
1240;A1240;P1240;29/05/1984
1241;A1241;P1241;30/05/1984
1242;A1242;P1242;31/05/1984
1243;A1243;P1243;01/06/1984
1244;A1244;P1244;02/06/1984
1245;A1245;P1245;03/06/1984
1246;A1246;P1246;04/06/1984
1247;A1247;P1247;05/06/1984
1248;A1248;P1248;06/06/1984
1249;A1249;P1249;07/06/1984
1250;A1250;P1250;08/06/1984
1251;A1251;P1251;09/06/1984
1252;A1252;P1252;10/06/1984
1253;A1253;P1253;11/06/1984
1254;A1254;P1254;12/06/1984
1255;A1255;P1255;13/06/1984
1256;A1256;P1256;14/06/1984
1257;A1257;P1257;15/06/1984
1258;A1258;P1258;16/06/1984
1259;A1259;P1259;17/06/1984
1260;A1260;P1260;18/06/1984
1261;A1261;P1261;19/06/1984
1262;A1262;P1262;20/06/1984
1263;A1263;P1263;21/06/1984
1264;A1264;P1264;22/06/1984
1265;A1265;P1265;23/06/1984
1266;A1266;P1266;24/06/1984
1267;A1267;P1267;25/06/1984
1268;A1268;P1268;26/06/1984
1269;A1269;P1269;27/06/1984
1270;A1270;P1270;28/06/1984
1271;A1271;P1271;29/06/1984
1272;A1272;P1272;30/06/1984
1273;A1273;P1273;01/07/1984
1274;A1274;P1274;02/07/1984
1275;A1275;P1275;03/07/1984
1276;A1276;P1276;04/07/1984
1277;A1277;P1277;05/07/1984
1278;A1278;P1278;06/07/1984
1279;A1279;P1279;07/07/1984
1280;A1280;P1280;08/07/1984
1281;A1281;P1281;09/07/1984
1282;A1282;P1282;10/07/1984
1283;A1283;P1283;11/07/1984
1284;A1284;P1284;12/07/1984
1285;A1285;P1285;13/07/1984
1286;A1286;P1286;14/07/1984
1287;A1287;P1287;15/07/1984
1288;A1288;P1288;16/07/1984
1289;A1289;P1289;17/07/1984
1290;A1290;P1290;18/07/1984
1291;A1291;P1291;19/07/1984
1292;A1292;P1292;20/07/1984
1293;A1293;P1293;21/07/1984
1294;A1294;P1294;22/07/1984
1295;A1295;P1295;23/07/1984
1296;A1296;P1296;24/07/1984
1297;A1297;P1297;25/07/1984
1298;A1298;P1298;26/07/1984
1299;A1299;P1299;27/07/1984
1300;A1300;P1300;28/07/1984
1301;A1301;P1301;29/07/1984
1302;A1302;P1302;30/07/1984
1303;A1303;P1303;31/07/1984
1304;A1304;P1304;01/08/1984
1305;A1305;P1305;02/08/1984
1306;A1306;P1306;03/08/1984
1307;A1307;P1307;04/08/1984
1308;A1308;P1308;05/08/1984
1309;A1309;P1309;06/08/1984
1310;A1310;P1310;07/08/1984
1311;A1311;P1311;08/08/1984
1312;A1312;P1312;09/08/1984
1313;A1313;P1313;10/08/1984
1314;A1314;P1314;11/08/1984
1315;A1315;P1315;12/08/1984
1316;A1316;P1316;13/08/1984
1317;A1317;P1317;14/08/1984
1318;A1318;P1318;15/08/1984
1319;A1319;P1319;16/08/1984
1320;A1320;P1320;17/08/1984
1321;A1321;P1321;18/08/1984
1322;A1322;P1322;19/08/1984
1323;A1323;P1323;20/08/1984
1324;A1324;P1324;21/08/1984
1325;A1325;P1325;22/08/1984
1326;A1326;P1326;23/08/1984
1327;A1327;P1327;24/08/1984
1328;A1328;P1328;25/08/1984
1329;A1329;P1329;26/08/1984
1330;A1330;P1330;27/08/1984
1331;A1331;P1331;28/08/1984
1332;A1332;P1332;29/08/1984
1333;A1333;P1333;30/08/1984
1334;A1334;P1334;31/08/1984
1335;A1335;P1335;01/09/1984
1336;A1336;P1336;02/09/1984
1337;A1337;P1337;03/09/1984
1338;A1338;P1338;04/09/1984
1339;A1339;P1339;05/09/1984
1340;A1340;P1340;06/09/1984
1341;A1341;P1341;07/09/1984
1342;A1342;P1342;08/09/1984
1343;A1343;P1343;09/09/1984
1344;A1344;P1344;10/09/1984
1345;A1345;P1345;11/09/1984
1346;A1346;P1346;12/09/1984
1347;A1347;P1347;13/09/1984
1348;A1348;P1348;14/09/1984
1349;A1349;P1349;15/09/1984
1350;A1350;P1350;16/09/1984
1351;A1351;P1351;17/09/1984
1352;A1352;P1352;18/09/1984
1353;A1353;P1353;19/09/1984
1354;A1354;P1354;20/09/1984
1355;A1355;P1355;21/09/1984
1356;A1356;P1356;22/09/1984
1357;A1357;P1357;23/09/1984
1358;A1358;P1358;24/09/1984
1359;A1359;P1359;25/09/1984
1360;A1360;P1360;26/09/1984
1361;A1361;P1361;27/09/1984
1362;A1362;P1362;28/09/1984
1363;A1363;P1363;29/09/1984
1364;A1364;P1364;30/09/1984
1365;A1365;P1365;01/10/1984
1366;A1366;P1366;02/10/1984
1367;A1367;P1367;03/10/1984
1368;A1368;P1368;04/10/1984
1369;A1369;P1369;05/10/1984
1370;A1370;P1370;06/10/1984
1371;A1371;P1371;07/10/1984
1372;A1372;P1372;08/10/1984
1373;A1373;P1373;09/10/1984
1374;A1374;P1374;10/10/1984
1375;A1375;P1375;11/10/1984
1376;A1376;P1376;12/10/1984
1377;A1377;P1377;13/10/1984
1378;A1378;P1378;14/10/1984
1379;A1379;P1379;15/10/1984
1380;A1380;P1380;16/10/1984
1381;A1381;P1381;17/10/1984
1382;A1382;P1382;18/10/1984
1383;A1383;P1383;19/10/1984
1384;A1384;P1384;20/10/1984
1385;A1385;P1385;21/10/1984
1386;A1386;P1386;22/10/1984
1387;A1387;P1387;23/10/1984
1388;A1388;P1388;24/10/1984
1389;A1389;P1389;25/10/1984
1390;A1390;P1390;26/10/1984
1391;A1391;P1391;27/10/1984
1392;A1392;P1392;28/10/1984
1393;A1393;P1393;29/10/1984
1394;A1394;P1394;30/10/1984
1395;A1395;P1395;31/10/1984
1396;A1396;P1396;01/11/1984
1397;A1397;P1397;02/11/1984
1398;A1398;P1398;03/11/1984
1399;A1399;P1399;04/11/1984
1400;A1400;P1400;05/11/1984
1401;A1401;P1401;06/11/1984
1402;A1402;P1402;07/11/1984
1403;A1403;P1403;08/11/1984
1404;A1404;P1404;09/11/1984
1405;A1405;P1405;10/11/1984
1406;A1406;P1406;11/11/1984
1407;A1407;P1407;12/11/1984
1408;A1408;P1408;13/11/1984
1409;A1409;P1409;14/11/1984
1410;A1410;P1410;15/11/1984
1411;A1411;P1411;16/11/1984
1412;A1412;P1412;17/11/1984
1413;A1413;P1413;18/11/1984
1414;A1414;P1414;19/11/1984
1415;A1415;P1415;20/11/1984
1416;A1416;P1416;21/11/1984
1417;A1417;P1417;22/11/1984
1418;A1418;P1418;23/11/1984
1419;A1419;P1419;24/11/1984
1420;A1420;P1420;25/11/1984
1421;A1421;P1421;26/11/1984
1422;A1422;P1422;27/11/1984
1423;A1423;P1423;28/11/1984
1424;A1424;P1424;29/11/1984
1425;A1425;P1425;30/11/1984
1426;A1426;P1426;01/12/1984
1427;A1427;P1427;02/12/1984
1428;A1428;P1428;03/12/1984
1429;A1429;P1429;04/12/1984
1430;A1430;P1430;05/12/1984
1431;A1431;P1431;06/12/1984
1432;A1432;P1432;07/12/1984
1433;A1433;P1433;08/12/1984
1434;A1434;P1434;09/12/1984
1435;A1435;P1435;10/12/1984
1436;A1436;P1436;11/12/1984
1437;A1437;P1437;12/12/1984
1438;A1438;P1438;13/12/1984
1439;A1439;P1439;14/12/1984
1440;A1440;P1440;15/12/1984
1441;A1441;P1441;16/12/1984
1442;A1442;P1442;17/12/1984
1443;A1443;P1443;18/12/1984
1444;A1444;P1444;19/12/1984
1445;A1445;P1445;20/12/1984
1446;A1446;P1446;21/12/1984
1447;A1447;P1447;22/12/1984
1448;A1448;P1448;23/12/1984
1449;A1449;P1449;24/12/1984
1450;A1450;P1450;25/12/1984
1451;A1451;P1451;26/12/1984
1452;A1452;P1452;27/12/1984
1453;A1453;P1453;28/12/1984
1454;A1454;P1454;29/12/1984
1455;A1455;P1455;30/12/1984
1456;A1456;P1456;31/12/1984
1457;A1457;P1457;01/01/1985
1458;A1458;P1458;02/01/1985
1459;A1459;P1459;03/01/1985
1460;A1460;P1460;04/01/1985
1461;A1461;P1461;05/01/1985
1462;A1462;P1462;06/01/1985
1463;A1463;P1463;07/01/1985
1464;A1464;P1464;08/01/1985
1465;A1465;P1465;09/01/1985
1466;A1466;P1466;10/01/1985
1467;A1467;P1467;11/01/1985
1468;A1468;P1468;12/01/1985
1469;A1469;P1469;13/01/1985
1470;A1470;P1470;14/01/1985
1471;A1471;P1471;15/01/1985
1472;A1472;P1472;16/01/1985
1473;A1473;P1473;17/01/1985
1474;A1474;P1474;18/01/1985
1475;A1475;P1475;19/01/1985
1476;A1476;P1476;20/01/1985
1477;A1477;P1477;21/01/1985
1478;A1478;P1478;22/01/1985
1479;A1479;P1479;23/01/1985
1480;A1480;P1480;24/01/1985
1481;A1481;P1481;25/01/1985
1482;A1482;P1482;26/01/1985
1483;A1483;P1483;27/01/1985
1484;A1484;P1484;28/01/1985
1485;A1485;P1485;29/01/1985
1486;A1486;P1486;30/01/1985
1487;A1487;P1487;31/01/1985
1488;A1488;P1488;01/02/1985
1489;A1489;P1489;02/02/1985
1490;A1490;P1490;03/02/1985
1491;A1491;P1491;04/02/1985
1492;A1492;P1492;05/02/1985
1493;A1493;P1493;06/02/1985
1494;A1494;P1494;07/02/1985
1495;A1495;P1495;08/02/1985
1496;A1496;P1496;09/02/1985
1497;A1497;P1497;10/02/1985
1498;A1498;P1498;11/02/1985
1499;A1499;P1499;12/02/1985
1500;A1500;P1500;13/02/1985
1501;A1501;P1501;14/02/1985
1502;A1502;P1502;15/02/1985
1503;A1503;P1503;16/02/1985
1504;A1504;P1504;17/02/1985
1505;A1505;P1505;18/02/1985
1506;A1506;P1506;19/02/1985
1507;A1507;P1507;20/02/1985
1508;A1508;P1508;21/02/1985
1509;A1509;P1509;22/02/1985
1510;A1510;P1510;23/02/1985
1511;A1511;P1511;24/02/1985
1512;A1512;P1512;25/02/1985
1513;A1513;P1513;26/02/1985
1514;A1514;P1514;27/02/1985
1515;A1515;P1515;28/02/1985
1516;A1516;P1516;01/03/1985
1517;A1517;P1517;02/03/1985
1518;A1518;P1518;03/03/1985
1519;A1519;P1519;04/03/1985
1520;A1520;P1520;05/03/1985
1521;A1521;P1521;06/03/1985
1522;A1522;P1522;07/03/1985
1523;A1523;P1523;08/03/1985
1524;A1524;P1524;09/03/1985
1525;A1525;P1525;10/03/1985
1526;A1526;P1526;11/03/1985
1527;A1527;P1527;12/03/1985
1528;A1528;P1528;13/03/1985
1529;A1529;P1529;14/03/1985
1530;A1530;P1530;15/03/1985
1531;A1531;P1531;16/03/1985
1532;A1532;P1532;17/03/1985
1533;A1533;P1533;18/03/1985
1534;A1534;P1534;19/03/1985
1535;A1535;P1535;20/03/1985
1536;A1536;P1536;21/03/1985
1537;A1537;P1537;22/03/1985
1538;A1538;P1538;23/03/1985
1539;A1539;P1539;24/03/1985
1540;A1540;P1540;25/03/1985
1541;A1541;P1541;26/03/1985
1542;A1542;P1542;27/03/1985
1543;A1543;P1543;28/03/1985
1544;A1544;P1544;29/03/1985
1545;A1545;P1545;30/03/1985
1546;A1546;P1546;31/03/1985
1547;A1547;P1547;01/04/1985
1548;A1548;P1548;02/04/1985
1549;A1549;P1549;03/04/1985
1550;A1550;P1550;04/04/1985
1551;A1551;P1551;05/04/1985
1552;A1552;P1552;06/04/1985
1553;A1553;P1553;07/04/1985
1554;A1554;P1554;08/04/1985
1555;A1555;P1555;09/04/1985
1556;A1556;P1556;10/04/1985
1557;A1557;P1557;11/04/1985
1558;A1558;P1558;12/04/1985
1559;A1559;P1559;13/04/1985
1560;A1560;P1560;14/04/1985
1561;A1561;P1561;15/04/1985
1562;A1562;P1562;16/04/1985
1563;A1563;P1563;17/04/1985
1564;A1564;P1564;18/04/1985
1565;A1565;P1565;19/04/1985
1566;A1566;P1566;20/04/1985
1567;A1567;P1567;21/04/1985
1568;A1568;P1568;22/04/1985
1569;A1569;P1569;23/04/1985
1570;A1570;P1570;24/04/1985
1571;A1571;P1571;25/04/1985
1572;A1572;P1572;26/04/1985
1573;A1573;P1573;27/04/1985
1574;A1574;P1574;28/04/1985
1575;A1575;P1575;29/04/1985
1576;A1576;P1576;30/04/1985
1577;A1577;P1577;01/05/1985
1578;A1578;P1578;02/05/1985
1579;A1579;P1579;03/05/1985
1580;A1580;P1580;04/05/1985
1581;A1581;P1581;05/05/1985
1582;A1582;P1582;06/05/1985
1583;A1583;P1583;07/05/1985
1584;A1584;P1584;08/05/1985
1585;A1585;P1585;09/05/1985
1586;A1586;P1586;10/05/1985
1587;A1587;P1587;11/05/1985
1588;A1588;P1588;12/05/1985
1589;A1589;P1589;13/05/1985
1590;A1590;P1590;14/05/1985
1591;A1591;P1591;15/05/1985
1592;A1592;P1592;16/05/1985
1593;A1593;P1593;17/05/1985
1594;A1594;P1594;18/05/1985
1595;A1595;P1595;19/05/1985
1596;A1596;P1596;20/05/1985
1597;A1597;P1597;21/05/1985
1598;A1598;P1598;22/05/1985
1599;A1599;P1599;23/05/1985
1600;A1600;P1600;24/05/1985
1601;A1601;P1601;25/05/1985
1602;A1602;P1602;26/05/1985
1603;A1603;P1603;27/05/1985
1604;A1604;P1604;28/05/1985
1605;A1605;P1605;29/05/1985
1606;A1606;P1606;30/05/1985
1607;A1607;P1607;31/05/1985
1608;A1608;P1608;01/06/1985
1609;A1609;P1609;02/06/1985
1610;A1610;P1610;03/06/1985
1611;A1611;P1611;04/06/1985
1612;A1612;P1612;05/06/1985
1613;A1613;P1613;06/06/1985
1614;A1614;P1614;07/06/1985
1615;A1615;P1615;08/06/1985
1616;A1616;P1616;09/06/1985
1617;A1617;P1617;10/06/1985
1618;A1618;P1618;11/06/1985
1619;A1619;P1619;12/06/1985
1620;A1620;P1620;13/06/1985
1621;A1621;P1621;14/06/1985
1622;A1622;P1622;15/06/1985
1623;A1623;P1623;16/06/1985
1624;A1624;P1624;17/06/1985
1625;A1625;P1625;18/06/1985
1626;A1626;P1626;19/06/1985
1627;A1627;P1627;20/06/1985
1628;A1628;P1628;21/06/1985
1629;A1629;P1629;22/06/1985
1630;A1630;P1630;23/06/1985
1631;A1631;P1631;24/06/1985
1632;A1632;P1632;25/06/1985
1633;A1633;P1633;26/06/1985
1634;A1634;P1634;27/06/1985
1635;A1635;P1635;28/06/1985
1636;A1636;P1636;29/06/1985
1637;A1637;P1637;30/06/1985
1638;A1638;P1638;01/07/1985
1639;A1639;P1639;02/07/1985
1640;A1640;P1640;03/07/1985
1641;A1641;P1641;04/07/1985
1642;A1642;P1642;05/07/1985
1643;A1643;P1643;06/07/1985
1644;A1644;P1644;07/07/1985
1645;A1645;P1645;08/07/1985
1646;A1646;P1646;09/07/1985
1647;A1647;P1647;10/07/1985
1648;A1648;P1648;11/07/1985
1649;A1649;P1649;12/07/1985
1650;A1650;P1650;13/07/1985
1651;A1651;P1651;14/07/1985
1652;A1652;P1652;15/07/1985
1653;A1653;P1653;16/07/1985
1654;A1654;P1654;17/07/1985
1655;A1655;P1655;18/07/1985
1656;A1656;P1656;19/07/1985
1657;A1657;P1657;20/07/1985
1658;A1658;P1658;21/07/1985
1659;A1659;P1659;22/07/1985
1660;A1660;P1660;23/07/1985
1661;A1661;P1661;24/07/1985
1662;A1662;P1662;25/07/1985
1663;A1663;P1663;26/07/1985
1664;A1664;P1664;27/07/1985
1665;A1665;P1665;28/07/1985
1666;A1666;P1666;29/07/1985
1667;A1667;P1667;30/07/1985
1668;A1668;P1668;31/07/1985
1669;A1669;P1669;01/08/1985
1670;A1670;P1670;02/08/1985
1671;A1671;P1671;03/08/1985
1672;A1672;P1672;04/08/1985
1673;A1673;P1673;05/08/1985
1674;A1674;P1674;06/08/1985
1675;A1675;P1675;07/08/1985
1676;A1676;P1676;08/08/1985
1677;A1677;P1677;09/08/1985
1678;A1678;P1678;10/08/1985
1679;A1679;P1679;11/08/1985
1680;A1680;P1680;12/08/1985
1681;A1681;P1681;13/08/1985
1682;A1682;P1682;14/08/1985
1683;A1683;P1683;15/08/1985
1684;A1684;P1684;16/08/1985
1685;A1685;P1685;17/08/1985
1686;A1686;P1686;18/08/1985
1687;A1687;P1687;19/08/1985
1688;A1688;P1688;20/08/1985
1689;A1689;P1689;21/08/1985
1690;A1690;P1690;22/08/1985
1691;A1691;P1691;23/08/1985
1692;A1692;P1692;24/08/1985
1693;A1693;P1693;25/08/1985
1694;A1694;P1694;26/08/1985
1695;A1695;P1695;27/08/1985
1696;A1696;P1696;28/08/1985
1697;A1697;P1697;29/08/1985
1698;A1698;P1698;30/08/1985
1699;A1699;P1699;31/08/1985
1700;A1700;P1700;01/09/1985
1701;A1701;P1701;02/09/1985
1702;A1702;P1702;03/09/1985
1703;A1703;P1703;04/09/1985
1704;A1704;P1704;05/09/1985
1705;A1705;P1705;06/09/1985
1706;A1706;P1706;07/09/1985
1707;A1707;P1707;08/09/1985
1708;A1708;P1708;09/09/1985
1709;A1709;P1709;10/09/1985
1710;A1710;P1710;11/09/1985
1711;A1711;P1711;12/09/1985
1712;A1712;P1712;13/09/1985
1713;A1713;P1713;14/09/1985
1714;A1714;P1714;15/09/1985
1715;A1715;P1715;16/09/1985
1716;A1716;P1716;17/09/1985
1717;A1717;P1717;18/09/1985
1718;A1718;P1718;19/09/1985
1719;A1719;P1719;20/09/1985
1720;A1720;P1720;21/09/1985
1721;A1721;P1721;22/09/1985
1722;A1722;P1722;23/09/1985
1723;A1723;P1723;24/09/1985
1724;A1724;P1724;25/09/1985
1725;A1725;P1725;26/09/1985
1726;A1726;P1726;27/09/1985
1727;A1727;P1727;28/09/1985
1728;A1728;P1728;29/09/1985
1729;A1729;P1729;30/09/1985
1730;A1730;P1730;01/10/1985
1731;A1731;P1731;02/10/1985
1732;A1732;P1732;03/10/1985
1733;A1733;P1733;04/10/1985
1734;A1734;P1734;05/10/1985
1735;A1735;P1735;06/10/1985
1736;A1736;P1736;07/10/1985
1737;A1737;P1737;08/10/1985
1738;A1738;P1738;09/10/1985
1739;A1739;P1739;10/10/1985
1740;A1740;P1740;11/10/1985
1741;A1741;P1741;12/10/1985
1742;A1742;P1742;13/10/1985
1743;A1743;P1743;14/10/1985
1744;A1744;P1744;15/10/1985
1745;A1745;P1745;16/10/1985
1746;A1746;P1746;17/10/1985
1747;A1747;P1747;18/10/1985
1748;A1748;P1748;19/10/1985
1749;A1749;P1749;20/10/1985
1750;A1750;P1750;21/10/1985
1751;A1751;P1751;22/10/1985
1752;A1752;P1752;23/10/1985
1753;A1753;P1753;24/10/1985
1754;A1754;P1754;25/10/1985
1755;A1755;P1755;26/10/1985
1756;A1756;P1756;27/10/1985
1757;A1757;P1757;28/10/1985
1758;A1758;P1758;29/10/1985
1759;A1759;P1759;30/10/1985
1760;A1760;P1760;31/10/1985
1761;A1761;P1761;01/11/1985
1762;A1762;P1762;02/11/1985
1763;A1763;P1763;03/11/1985
1764;A1764;P1764;04/11/1985
1765;A1765;P1765;05/11/1985
1766;A1766;P1766;06/11/1985
1767;A1767;P1767;07/11/1985
1768;A1768;P1768;08/11/1985
1769;A1769;P1769;09/11/1985
1770;A1770;P1770;10/11/1985
1771;A1771;P1771;11/11/1985
1772;A1772;P1772;12/11/1985
1773;A1773;P1773;13/11/1985
1774;A1774;P1774;14/11/1985
1775;A1775;P1775;15/11/1985
1776;A1776;P1776;16/11/1985
1777;A1777;P1777;17/11/1985
1778;A1778;P1778;18/11/1985
1779;A1779;P1779;19/11/1985
1780;A1780;P1780;20/11/1985
1781;A1781;P1781;21/11/1985
1782;A1782;P1782;22/11/1985
1783;A1783;P1783;23/11/1985
1784;A1784;P1784;24/11/1985
1785;A1785;P1785;25/11/1985
1786;A1786;P1786;26/11/1985
1787;A1787;P1787;27/11/1985
1788;A1788;P1788;28/11/1985
1789;A1789;P1789;29/11/1985
1790;A1790;P1790;30/11/1985
1791;A1791;P1791;01/12/1985
1792;A1792;P1792;02/12/1985
1793;A1793;P1793;03/12/1985
1794;A1794;P1794;04/12/1985
1795;A1795;P1795;05/12/1985
1796;A1796;P1796;06/12/1985
1797;A1797;P1797;07/12/1985
1798;A1798;P1798;08/12/1985
1799;A1799;P1799;09/12/1985
1800;A1800;P1800;10/12/1985
1801;A1801;P1801;11/12/1985
1802;A1802;P1802;12/12/1985
1803;A1803;P1803;13/12/1985
1804;A1804;P1804;14/12/1985
1805;A1805;P1805;15/12/1985
1806;A1806;P1806;16/12/1985
1807;A1807;P1807;17/12/1985
1808;A1808;P1808;18/12/1985
1809;A1809;P1809;19/12/1985
1810;A1810;P1810;20/12/1985
1811;A1811;P1811;21/12/1985
1812;A1812;P1812;22/12/1985
1813;A1813;P1813;23/12/1985
1814;A1814;P1814;24/12/1985
1815;A1815;P1815;25/12/1985
1816;A1816;P1816;26/12/1985
1817;A1817;P1817;27/12/1985
1818;A1818;P1818;28/12/1985
1819;A1819;P1819;29/12/1985
1820;A1820;P1820;30/12/1985
1821;A1821;P1821;31/12/1985
1822;A1822;P1822;01/01/1986
1823;A1823;P1823;02/01/1986
1824;A1824;P1824;03/01/1986
1825;A1825;P1825;04/01/1986
1826;A1826;P1826;05/01/1986
1827;A1827;P1827;06/01/1986
1828;A1828;P1828;07/01/1986
1829;A1829;P1829;08/01/1986
1830;A1830;P1830;09/01/1986
1831;A1831;P1831;10/01/1986
1832;A1832;P1832;11/01/1986
1833;A1833;P1833;12/01/1986
1834;A1834;P1834;13/01/1986
1835;A1835;P1835;14/01/1986
1836;A1836;P1836;15/01/1986
1837;A1837;P1837;16/01/1986
1838;A1838;P1838;17/01/1986
1839;A1839;P1839;18/01/1986
1840;A1840;P1840;19/01/1986
1841;A1841;P1841;20/01/1986
1842;A1842;P1842;21/01/1986
1843;A1843;P1843;22/01/1986
1844;A1844;P1844;23/01/1986
1845;A1845;P1845;24/01/1986
1846;A1846;P1846;25/01/1986
1847;A1847;P1847;26/01/1986
1848;A1848;P1848;27/01/1986
1849;A1849;P1849;28/01/1986
1850;A1850;P1850;29/01/1986
1851;A1851;P1851;30/01/1986
1852;A1852;P1852;31/01/1986
1853;A1853;P1853;01/02/1986
1854;A1854;P1854;02/02/1986
1855;A1855;P1855;03/02/1986
1856;A1856;P1856;04/02/1986
1857;A1857;P1857;05/02/1986
1858;A1858;P1858;06/02/1986
1859;A1859;P1859;07/02/1986
1860;A1860;P1860;08/02/1986
1861;A1861;P1861;09/02/1986
1862;A1862;P1862;10/02/1986
1863;A1863;P1863;11/02/1986
1864;A1864;P1864;12/02/1986
1865;A1865;P1865;13/02/1986
1866;A1866;P1866;14/02/1986
1867;A1867;P1867;15/02/1986
1868;A1868;P1868;16/02/1986
1869;A1869;P1869;17/02/1986
1870;A1870;P1870;18/02/1986
1871;A1871;P1871;19/02/1986
1872;A1872;P1872;20/02/1986
1873;A1873;P1873;21/02/1986
1874;A1874;P1874;22/02/1986
1875;A1875;P1875;23/02/1986
1876;A1876;P1876;24/02/1986
1877;A1877;P1877;25/02/1986
1878;A1878;P1878;26/02/1986
1879;A1879;P1879;27/02/1986
1880;A1880;P1880;28/02/1986
1881;A1881;P1881;01/03/1986
1882;A1882;P1882;02/03/1986
1883;A1883;P1883;03/03/1986
1884;A1884;P1884;04/03/1986
1885;A1885;P1885;05/03/1986
1886;A1886;P1886;06/03/1986
1887;A1887;P1887;07/03/1986
1888;A1888;P1888;08/03/1986
1889;A1889;P1889;09/03/1986
1890;A1890;P1890;10/03/1986
1891;A1891;P1891;11/03/1986
1892;A1892;P1892;12/03/1986
1893;A1893;P1893;13/03/1986
1894;A1894;P1894;14/03/1986
1895;A1895;P1895;15/03/1986
1896;A1896;P1896;16/03/1986
1897;A1897;P1897;17/03/1986
1898;A1898;P1898;18/03/1986
1899;A1899;P1899;19/03/1986
1900;A1900;P1900;20/03/1986
1901;A1901;P1901;21/03/1986
1902;A1902;P1902;22/03/1986
1903;A1903;P1903;23/03/1986
1904;A1904;P1904;24/03/1986
1905;A1905;P1905;25/03/1986
1906;A1906;P1906;26/03/1986
1907;A1907;P1907;27/03/1986
1908;A1908;P1908;28/03/1986
1909;A1909;P1909;29/03/1986
1910;A1910;P1910;30/03/1986
1911;A1911;P1911;31/03/1986
1912;A1912;P1912;01/04/1986
1913;A1913;P1913;02/04/1986
1914;A1914;P1914;03/04/1986
1915;A1915;P1915;04/04/1986
1916;A1916;P1916;05/04/1986
1917;A1917;P1917;06/04/1986
1918;A1918;P1918;07/04/1986
1919;A1919;P1919;08/04/1986
1920;A1920;P1920;09/04/1986
1921;A1921;P1921;10/04/1986
1922;A1922;P1922;11/04/1986
1923;A1923;P1923;12/04/1986
1924;A1924;P1924;13/04/1986
1925;A1925;P1925;14/04/1986
1926;A1926;P1926;15/04/1986
1927;A1927;P1927;16/04/1986
1928;A1928;P1928;17/04/1986
1929;A1929;P1929;18/04/1986
1930;A1930;P1930;19/04/1986
1931;A1931;P1931;20/04/1986
1932;A1932;P1932;21/04/1986
1933;A1933;P1933;22/04/1986
1934;A1934;P1934;23/04/1986
1935;A1935;P1935;24/04/1986
1936;A1936;P1936;25/04/1986
1937;A1937;P1937;26/04/1986
1938;A1938;P1938;27/04/1986
1939;A1939;P1939;28/04/1986
1940;A1940;P1940;29/04/1986
1941;A1941;P1941;30/04/1986
1942;A1942;P1942;01/05/1986
1943;A1943;P1943;02/05/1986
1944;A1944;P1944;03/05/1986
1945;A1945;P1945;04/05/1986
1946;A1946;P1946;05/05/1986
1947;A1947;P1947;06/05/1986
1948;A1948;P1948;07/05/1986
1949;A1949;P1949;08/05/1986
1950;A1950;P1950;09/05/1986
1951;A1951;P1951;10/05/1986
1952;A1952;P1952;11/05/1986
1953;A1953;P1953;12/05/1986
1954;A1954;P1954;13/05/1986
1955;A1955;P1955;14/05/1986
1956;A1956;P1956;15/05/1986
1957;A1957;P1957;16/05/1986
1958;A1958;P1958;17/05/1986
1959;A1959;P1959;18/05/1986
1960;A1960;P1960;19/05/1986
1961;A1961;P1961;20/05/1986
1962;A1962;P1962;21/05/1986
1963;A1963;P1963;22/05/1986
1964;A1964;P1964;23/05/1986
1965;A1965;P1965;24/05/1986
1966;A1966;P1966;25/05/1986
1967;A1967;P1967;26/05/1986
1968;A1968;P1968;27/05/1986
1969;A1969;P1969;28/05/1986
1970;A1970;P1970;29/05/1986
1971;A1971;P1971;30/05/1986
1972;A1972;P1972;31/05/1986
1973;A1973;P1973;01/06/1986
1974;A1974;P1974;02/06/1986
1975;A1975;P1975;03/06/1986
1976;A1976;P1976;04/06/1986
1977;A1977;P1977;05/06/1986
1978;A1978;P1978;06/06/1986
1979;A1979;P1979;07/06/1986
1980;A1980;P1980;08/06/1986
1981;A1981;P1981;09/06/1986
1982;A1982;P1982;10/06/1986
1983;A1983;P1983;11/06/1986
1984;A1984;P1984;12/06/1986
1985;A1985;P1985;13/06/1986
1986;A1986;P1986;14/06/1986
1987;A1987;P1987;15/06/1986
1988;A1988;P1988;16/06/1986
1989;A1989;P1989;17/06/1986
1990;A1990;P1990;18/06/1986
1991;A1991;P1991;19/06/1986
1992;A1992;P1992;20/06/1986
1993;A1993;P1993;21/06/1986
1994;A1994;P1994;22/06/1986
1995;A1995;P1995;23/06/1986
1996;A1996;P1996;24/06/1986
1997;A1997;P1997;25/06/1986
1998;A1998;P1998;26/06/1986
1999;A1999;P1999;27/06/1986
2000;A2000;P2000;28/06/1986
2001;A2001;P2001;29/06/1986
2002;A2002;P2002;30/06/1986
2003;A2003;P2003;01/07/1986
2004;A2004;P2004;02/07/1986
2005;A2005;P2005;03/07/1986
2006;A2006;P2006;04/07/1986
2007;A2007;P2007;05/07/1986
2008;A2008;P2008;06/07/1986
2009;A2009;P2009;07/07/1986
2010;A2010;P2010;08/07/1986
2011;A2011;P2011;09/07/1986
2012;A2012;P2012;10/07/1986
2013;A2013;P2013;11/07/1986
2014;A2014;P2014;12/07/1986
2015;A2015;P2015;13/07/1986
2016;A2016;P2016;14/07/1986
2017;A2017;P2017;15/07/1986
2018;A2018;P2018;16/07/1986
2019;A2019;P2019;17/07/1986
2020;A2020;P2020;18/07/1986
2021;A2021;P2021;19/07/1986
2022;A2022;P2022;20/07/1986
2023;A2023;P2023;21/07/1986
2024;A2024;P2024;22/07/1986
2025;A2025;P2025;23/07/1986
2026;A2026;P2026;24/07/1986
2027;A2027;P2027;25/07/1986
2028;A2028;P2028;26/07/1986
2029;A2029;P2029;27/07/1986
2030;A2030;P2030;28/07/1986
2031;A2031;P2031;29/07/1986
2032;A2032;P2032;30/07/1986
2033;A2033;P2033;31/07/1986
2034;A2034;P2034;01/08/1986
2035;A2035;P2035;02/08/1986
2036;A2036;P2036;03/08/1986
2037;A2037;P2037;04/08/1986
2038;A2038;P2038;05/08/1986
2039;A2039;P2039;06/08/1986
2040;A2040;P2040;07/08/1986
2041;A2041;P2041;08/08/1986
2042;A2042;P2042;09/08/1986
2043;A2043;P2043;10/08/1986
2044;A2044;P2044;11/08/1986
